Tournament,Date,Player,Yoshi color,Win,Score,Character(s),Opponent,VOD url,Timecode,Definition,Analysis
Maesuma'HIT#68 (マエスマ'HIT#68),03/02/2025,Mark (マーク),red,TRUE,3 - 2,Isabelle,Furararamen (ふららら麺),https://youtu.be/oQeDJMcDldc?t=1414,,,
Maesuma'HIT#68 (マエスマ'HIT#68),03/02/2025,Mark (マーク),red,FALSE,2 - 3,Isabelle,Furararamen (ふららら麺),https://youtu.be/oQeDJMcDldc?si=IiMDF1dGCUJdnTio,,,
Maesuma'HIT#68 (マエスマ'HIT#68),03/02/2025,Mark (マーク),red,TRUE,2 - 0,Isabelle,Furararamen (ふららら麺),https://youtu.be/DKbtyOIO_AE?si=igIC3HqpSXWHodP4,,,
Maesuma'HIT#68 (マエスマ'HIT#68),03/02/2025,Mark (マーク),red,TRUE,2 - 0,Pichu,Yone_pi,https://youtu.be/p8BZbbbBE-I?si=5TFCYJHu1y64g3kD,,,
Maesuma'HIT#68 (マエスマ'HIT#68),03/02/2025,Mark (マーク),red,TRUE,2 - 0,Bayonetta/Rosalina,Nizemamo (にぜまも),https://youtu.be/LV9HhhPywWE?si=BPsxfGCZnqS8qj6b,,,
Center Stage #75,28/01/2025,Pharaoh,moss,FALSE,1 - 3,Link,Deltaforce,https://youtu.be/Rs_pSLqluTA,,,
Center Stage #75,28/01/2025,Pharaoh,green,TRUE,3 - 2,Wolf,LemonTio,https://youtu.be/47_yWyoyLBQ,,,
Center Stage #75,28/01/2025,Pharaoh,purple,TRUE,2 - 1,Luigi,Z minus,https://youtu.be/Mg4x83w-ib0,,,
Sumabato 55 (第55回スマバトSP),19/01/2025,Yoshidora (ヨシドラ),blue,FALSE,2 - 3,Falco,M0tsunabE,https://www.youtube.com/watch?v=0vSQ8M1pZfQ,,,
Sumabato 55 (第55回スマバトSP),19/01/2025,Yoshidora (ヨシドラ),blue,FALSE,1 - 3,Steve,miya (ミーヤー),https://www.youtube.com/watch?v=6Avv6k0bI-4,,,
Sumabato 55 (第55回スマバトSP),19/01/2025,Yoshidora (ヨシドラ),blue,TRUE,3 - 0,ROB,Lapi (ラピ),https://www.youtube.com/watch?v=6hLbO5AYcos,,,
Sumabato 55 (第55回スマバトSP),19/01/2025,Fui (ふい),green,FALSE,2 - 3,Steve/Kazuya,raki (らき),https://www.youtube.com/watch?v=GD_cYL52uqM,,,
Sumabato 55 (第55回スマバトSP),19/01/2025,Fui (ふい),green,FALSE,2 - 3,Min Min,Doramigi (ドラ右),https://www.youtube.com/watch?v=tqPzgJ7isfw,,,
a西武撃 / Seibugeki #18,12/01/2025,Fui (ふい),green,FALSE,0 - 3,Steve,miya (ミーヤー),https://www.youtube.com/watch?v=j06gIworrnM,,,
a西武撃 / Seibugeki #18,12/01/2025,Fui (ふい),green,FALSE,1 - 3,Mario,Snow (スノー),https://www.youtube.com/watch?v=ClRHUSOmmdg,,,
a西武撃 / Seibugeki #18,12/01/2025,Fui (ふい),green,TRUE,3 - 0,Lucario,Gachipi,https://youtu.be/d03mC-eqQSQ?t=11639,,,
a西武撃 / Seibugeki #18,12/01/2025,Fui (ふい),green,TRUE,3 - 2,ROB,tameigo#OKGP,https://youtu.be/d03mC-eqQSQ?t=5758,,,
a西武撃 / Seibugeki #18,12/01/2025,Mark (マーク),red,FALSE,0 - 3,Steve,miya (ミーヤー),https://youtu.be/Z-XG8rV0bx4?si=Z-uvGe1dcFP_9jHq,,,
a西武撃 / Seibugeki #18,12/01/2025,Mark (マーク),red,FALSE,0 - 3,Mario,Snow (スノー),https://youtu.be/5pm4ubtTDUQ?t=9601,,,
a西武撃 / Seibugeki #18,12/01/2025,Mark (マーク),red,TRUE,3 - 2,Donkey Kong,マイルドなH.O/Mild na H.O,https://www.youtube.com/watch?v=obojMUyaLRk,,,
a西武撃 / Seibugeki #18,12/01/2025,Mark (マーク),red,TRUE,2 - 0,Luigi,Yamanaction (ヤマナクション),https://youtu.be/C-NKemDjUvw?t=3948,,,
Maesuma’TOP#1 (マエスマ'TOP#1),04/01/2025,Yoshidora (ヨシドラ),blue,FALSE,0 - 3,Steve,raki (らき),https://www.youtube.com/watch?v=u0F13ziZ5dA,,,
Maesuma’TOP#1 (マエスマ'TOP#1),04/01/2025,Yoshidora (ヨシドラ),blue,TRUE,3 - 1,ROB/Steve,sssr,https://www.youtube.com/watch?v=gaeRz4A4nms,,,
Maesuma’TOP#1 (マエスマ'TOP#1),04/01/2025,Yoshidora (ヨシドラ),blue,TRUE,3 - 0,Joker,gorioka (ゴリオカ),https://www.youtube.com/watch?v=eiQWN7ZIPPA,,,
Weekly Smash Party ～スマパ～ #168,25/12/2025,Fui (ふい),green,TRUE,2 - 0,ROB,tameigo#OKGP,https://www.youtube.com/watch?v=3-0DhgVS41E,,,
Weekly Smash Party ～スマパ～ #168,25/12/2025,Fui (ふい),green,TRUE,2 - 0,Young Link,Suinoko (すいのこ),https://youtu.be/NLaakFCe9UY?t=5174,,,
Weekly Smash Party ～スマパ～ #168,25/12/2025,Fui (ふい),green,TRUE,2 - 0,Min Min,Mao,https://www.youtube.com/watch?v=CQ4DyqhA8Lw,,,
Weekly Smash Party ～スマパ～ #168,25/12/2025,Fui (ふい),green,TRUE,2 - 0,Min Min,rimu (リム),https://youtu.be/NLaakFCe9UY?t=2797,,,
スマ納め / Smash Awesome!,21/12/2024,Fui (ふい),green,FALSE,1 - 3,Steve/Game & Watch,miya (ミーヤー),https://youtu.be/_u2fXkgSwkc?t=12965,,,
Weekly Smash Party ～スマパ～ #167,18/12/2024,Fui (ふい),green,TRUE,2 - 0,Wolf,ATELIER,https://youtu.be/dQS7eXmS-j0?t=840,,,
OH-BAI-TOH-RI 1 (桜梅桃李 第壱幕),15/12/2024,Yoshidora (ヨシドラ),blue,FALSE,2 - 3,Steve,33peranbox (33ぺらんbox),https://www.youtube.com/watch?v=FcshDGIvGQ0,,,
OH-BAI-TOH-RI 1 (桜梅桃李 第壱幕),15/12/2024,Yoshidora (ヨシドラ),blue,TRUE,3 - 0,Steve,raki (らき),https://www.youtube.com/watch?v=fgR4NnAp8U8,,,
OH-BAI-TOH-RI 1 (桜梅桃李 第壱幕),15/12/2024,Yoshidora (ヨシドラ),blue,TRUE,3 - 0,Captain Falcon,Karaage,https://www.youtube.com/watch?v=InaFt9InugU,,,
OH-BAI-TOH-RI 1 (桜梅桃李 第壱幕),15/12/2024,Yoshidora (ヨシドラ),blue,TRUE,3 - 1,Ridley,Moenai Goma (もえないごま),https://www.youtube.com/watch?v=5DgTMjwlTXU,,,
OH-BAI-TOH-RI 1 (桜梅桃李 第壱幕),15/12/2024,Yoshidora (ヨシドラ),blue,FALSE,2 - 3,Steve,33peranbox (33ぺらんbox),https://www.youtube.com/watch?v=v6be2HRUa4w,,,
OH-BAI-TOH-RI 1 (桜梅桃李 第壱幕),15/12/2024,Yoshidora (ヨシドラ),blue,TRUE,3 - 0,Ice Climbers,Futari.. (ふたりのきわみアー!),https://www.youtube.com/watch?v=B0wzdmkZMjs,,,
OH-BAI-TOH-RI 1 (桜梅桃李 第壱幕),15/12/2024,Mark (マーク),red,TRUE,3 - 1,Ice Climbers,Futari.. (ふたりのきわみアー!),https://youtu.be/9US5aG3AB6E,,,
Kurobra44 (第44回クロブラ),14/12/2024,Fui (ふい),green,FALSE,0 - 3,Peach,Eik (エイク),https://www.youtube.com/watch?v=gXg9AIf7Ok8,,,
Kurobra44 (第44回クロブラ),14/12/2024,Fui (ふい),green,TRUE,3 - 0,Fox,Chon,https://www.youtube.com/watch?v=4atJ0RBm-YM,,,
Kurobra44 (第44回クロブラ),14/12/2024,Fui (ふい),green,TRUE,3 - 2,Donkey Kong,マイルドなH.O/Mild na H.O,https://www.youtube.com/watch?v=f0yo00ymwB0,,,
Kurobra44 (第44回クロブラ),14/12/2024,Fui (ふい),green,FALSE,2 - 3,Sonic,Kurofune (黒船),https://www.youtube.com/watch?v=wtLXwgLSZkI,,,
Sumabato 53 (第53回スマバトSP),30/11/2024,Mokumoku (もくもく),yellow,TRUE,2 - 1,Sora,Toacchi (とあっち),https://youtu.be/Iqx4Txkh8HE?si=-Rum256dx0L9q9C5,,,
UltCore 4th,24/11/2024,Yoshidora (ヨシドラ),blue,FALSE,2 - 3,Min Min,Doramigi (ドラ右),https://youtu.be/_AWkn1LHcts?t=29866,,,
UltCore 4th,24/11/2024,Yoshidora (ヨシドラ),blue,FALSE,0 - 3,Luigi,Raru (らる),https://youtu.be/_AWkn1LHcts?t=28327,,,
UltCore 4th,24/11/2024,Yoshidora (ヨシドラ),blue,TRUE,3 - 1,Diddy Kong,Ryu-Oh (りゅーおー),https://youtu.be/_AWkn1LHcts?t=24207,,,
UltCore 4th,24/11/2024,Yoshidora (ヨシドラ),blue,TRUE,3 - 1,Steve/Aegis,あcola,https://www.youtube.com/watch?v=7NO8r7OznVU,,,
UltCore 4th,24/11/2024,Yoshidora (ヨシドラ),blue,TRUE,3 - 2,Wolf,masha (ましゃ),https://www.youtube.com/watch?v=KBWsrhnmoxI,,,
UltCore 4th,24/11/2024,Yoshidora (ヨシドラ),blue,TRUE,3 - 0,Pichu,Yone_pi,https://www.youtube.com/watch?v=68IBo6Z_OaM,,,
UltCore 4th,24/11/2024,Mark (マーク),red,TRUE,3 - 2,Captain Falcon,Karaage,https://youtu.be/R7GRK1wEsjU,,,
Pantheon 2024,16/11/2024,Justin24,purple,TRUE,3 - 1,Kirby,JeJaJeJa,https://youtu.be/pGIkuHbSzJo,,,
Weekly Smash Party ～スマパ～ #162,13/11/2024,Fui (ふい),green,FALSE,1 - 2,Ice Climbers,Futari.. (ふたりのきわみアー!),https://youtu.be/cBfcThbgxoo?si=Cs9WOn3W1HfaeQEl,,,
Weekly Smash Party ～スマパ～ #162,13/11/2024,Fui (ふい),green,TRUE,2 - 0,Terry,Kamuko.. (カム子の生足美脚),https://www.youtube.com/watch?v=BhMWwhtYZjM,,,
闘源郷 / Togenkyo 〜真・闘龍門 外伝〜,10/11/2024,Fui (ふい),green,FALSE,1 - 3,ROB,Marcos (まるこす),https://youtu.be/ZfhjId-XBOI?si=eGBlJFbIqwJBSrla,,,
闘源郷 / Togenkyo 〜真・闘龍門 外伝〜,10/11/2024,Fui (ふい),green,FALSE,1 - 3,Sonic,Taikei (たいけい),https://youtu.be/vnV_Z4ZkT74?si=tvGBdf0OcZm2-GKy,,,
闘源郷 / Togenkyo 〜真・闘龍門 外伝〜,10/11/2024,Fui (ふい),green,FALSE,0 - 3,Olimar,Noi,https://youtu.be/h1KwalgTmvY?si=1j_WhtqQwhaEfDJQ,,,
闘源郷 / Togenkyo 〜真・闘龍門 外伝〜,10/11/2024,Fui (ふい),green,TRUE,3 - 1,Hero,Kamisuke (かみすけ),https://youtu.be/tmyeWTBN9_k?si=Epspni93vNnNJDhW,,,
Ring Out,09/11/2024,Burst,blue,FALSE,1 - 3,Samus,IcyMist,https://youtu.be/1E-cQxsO12U?si=BRtfVML_SQTe-pTi,,,
Ring Out,09/11/2024,Burst,blue,TRUE,3 - 2,Game & Watch,Ploopy,https://youtu.be/hDpOoRTXVSw?si=UteVr9-d2tvU3HVU,,,
Ring Out,09/11/2024,Burst,blue,TRUE,3 - 0,Fox,Comet,https://youtu.be/mxBx8Q4Q6_I,,,
Ring Out,09/11/2024,Burst,blue,FALSE,2 - 3,Mario,NotBrayden,https://youtu.be/-AtF3xilnqk?si=taDmp-XyU8Y8C9ox,,,
Ring Out,09/11/2024,Pharaoh,purple,FALSE,2 - 3,Fox,Comet,https://youtu.be/DpwnRkjbEN0?si=96Cyn_JlTMWj57dq,,,
The Graveyard 2024,26/10/2024,Burst,blue,TRUE,3 - 0,Donkey Kong,gamer,https://youtu.be/EkE14eoYctk,,,
DELTA#9,26/10/2024,Fui (ふい),green,TRUE,3 - 0,Ness,Gackt (がくと),https://www.youtube.com/watch?v=owbMtpWrfKM,,,
Center Stage #65,22/10/2024,Pharaoh,purple,FALSE,3 - 1,Link,Deltaforce,https://youtu.be/niW2qNn9_h0?t=851,,,
Center Stage #65,22/10/2024,Pharaoh,purple,FALSE,1 - 3,Link,Deltaforce,https://youtu.be/niW2qNn9_h0?si=-riwdSYy5su7YsTI,,,
Center Stage #65,22/10/2024,Pharaoh,purple,TRUE,3 - 1,Link,Deltaforce,https://youtu.be/mHohHsjNZiY?si=cdrhZ5qkrcPppBfz,,,
Center Stage #65,22/10/2024,Pharaoh,purple,TRUE,3 - 1,Donkey Kong,MBS DUST Fhantum,https://youtu.be/sdx9GEVtXQQ?si=7h4eQANdb8ULi3j-,,,
Center Stage #65,22/10/2024,Pharaoh,purple,TRUE,2 - 0,Toon Link,Obmcbob,https://youtu.be/JxCoG6Nt4iI?si=EVgVd53ZbKP4G-nn,,,
Sumabato 52 (第52回スマバトSP),20/10/2024,Yoshidora (ヨシドラ),blue,FALSE,0 - 3,Ryu,Asimo,https://www.youtube.com/watch?v=JCR6QbPnOKM,,,
Sumabato 52 (第52回スマバトSP),20/10/2024,Yoshidora (ヨシドラ),blue,TRUE,3 - 1,Kazuya,raki (らき),https://www.youtube.com/watch?v=7bMq2TyWhoQ,,,
Sumabato 52 (第52回スマバトSP),20/10/2024,Yoshidora (ヨシドラ),blue,TRUE,3 - 1,Daisy,Umeki,https://www.youtube.com/watch?v=1Rl4D3Cm4Y0,,,
Sumabato 52 (第52回スマバトSP),20/10/2024,Yoshidora (ヨシドラ),blue,TRUE,3 - 0,Diddy Kong,Nyonoknb (にょのknb),https://www.youtube.com/watch?v=X2L116bmVHg,,,
Sumabato 52 (第52回スマバトSP),20/10/2024,Yoshidora (ヨシドラ),blue,FALSE,1 - 3,Falco,MASA,https://www.youtube.com/watch?v=KppXFXfsl_g,,,
Sumabato 52 (第52回スマバトSP),20/10/2024,Yoshidora (ヨシドラ),blue,TRUE,3 - 0,Shulk,Kome,https://www.youtube.com/watch?v=laTtmpBHqcE,,,
Sumabato 52 (第52回スマバトSP),20/10/2024,Fui (ふい),green,FALSE,1 - 3,Diddy Kong,Nyonoknb (にょのknb),https://youtu.be/wWJpjKUtMMs?si=kXCYK_rP-o2l3K4S,,,
Sumabato 52 (第52回スマバトSP),20/10/2024,Fui (ふい),green,TRUE,3 - 2,Mario,Shadow (シャドウ),https://youtu.be/wWJpjKUtMMs?si=ELzryqZNBsI1H4i2,,,
Sumabato 52 (第52回スマバトSP),20/10/2024,Fui (ふい),green,FALSE,2 - 3,Roy/Kazuya,alice,https://youtu.be/Fq4C1mD8Edc?si=yGm4t1oHwSeolpil,,,
Maesuma'HIT#46 (マエスマ'HIT#46),17/10/2024,Yoshidora (ヨシドラ),blue,TRUE,3 - 0,Captain Falcon,Jogibu,https://www.youtube.com/watch?v=eKzU9wN3pBE,,,
Maesuma'HIT#46 (マエスマ'HIT#46),17/10/2024,Yoshidora (ヨシドラ),blue,TRUE,2 - 0,Captain Falcon,Jogibu,https://www.youtube.com/watch?v=NEEyT0d-d4s,,,
Maesuma'HIT#46 (マエスマ'HIT#46),17/10/2024,Yoshidora (ヨシドラ),blue,TRUE,2 - 0,Falco,fu a suta,https://www.youtube.com/watch?v=mfUOk0NxQkU,,,
Maesuma'HIT#46 (マエスマ'HIT#46),17/10/2024,Yoshidora (ヨシドラ),blue,TRUE,2 - 1,Shulk,Kome,https://www.youtube.com/watch?v=9nWMZlAllmk,,,
Maesuma'HIT#46 (マエスマ'HIT#46),17/10/2024,Floyd,pink,FALSE,0 - 2,Jigglypuff,Senra (せんら),https://youtu.be/mGfRj745N7M,,,
First Attack 2024,12/10/2024,JMafia,pink,FALSE,0 - 3,Peach,Ling,https://www.youtube.com/watch?v=iaeeWtyLfAU,,,
Weekly Smash Party ～スマパ～ #157,09/10/2024,Fui (ふい),green,TRUE,2 - 1,Sonic,KEN,https://www.youtube.com/watch?v=0alajEFggMs,,,
Weekly Smash Party ～スマパ～ #157,09/10/2024,Fui (ふい),green,TRUE,2 - 1,Hero,Akakikusu (アカキクス),https://www.youtube.com/watch?v=GWNVquVscKY,,,
Weekly Smash Party ～スマパ～ #157,09/10/2024,Fui (ふい),green,TRUE,2 - 0,Min Min,rimu (リム),https://youtu.be/eY1NbKc-Li4?si=gchbb_JBusILv64L,,,
Weekly Smash Party ～スマパ～ #157,09/10/2024,Fui (ふい),green,TRUE,2 - 0,Sonic,KEN,https://www.youtube.com/watch?v=4vPKY3ueUno,,,
Kurobra43 (第43回クロブラ),23/09/2024,Fui (ふい),green,FALSE,2 - 3,Falco,M0tsunabE,https://www.youtube.com/watch?v=gPc-1Wx3SMA,,,
Kurobra43 (第43回クロブラ),23/09/2024,Fui (ふい),green,TRUE,3 - 0,Peach,Eik (エイク),https://youtu.be/WEGlbTx_3KQ,,,
Sumabato 51 (第51回スマバトS),22/09/2024,Yoshidora (ヨシドラ),blue,FALSE,2 - 3,Steve,あcola,https://www.youtube.com/watch?v=-w6iBSvhRIE,,,
Sumabato 51 (第51回スマバトS),22/09/2024,Yoshidora (ヨシドラ),blue,FALSE,0 - 3,Ryu,Asimo,https://www.youtube.com/watch?v=s8CIKBTJqBA,,,
Sumabato 51 (第51回スマバトS),22/09/2024,Yoshidora (ヨシドラ),blue,TRUE,3 - 2,Snake,Hurt,https://www.youtube.com/watch?v=QyZH9b3vj2g,,,
Sumabato 51 (第51回スマバトS),22/09/2024,Yoshidora (ヨシドラ),blue,TRUE,3 - 2,Captain Falcon,Jogibu,https://www.youtube.com/watch?v=DyAh3pKmlTs,,,
Sumabato 51 (第51回スマバトS),22/09/2024,Yoshidora (ヨシドラ),blue,TRUE,3 - 1,Little Mac,LiiMac,https://www.youtube.com/watch?v=zgJo0VauQ_g,,,
Sumabato 51 (第51回スマバトS),22/09/2024,Fui (ふい),green,FALSE,0 - 3,Game & Watch,Maister,https://www.youtube.com/watch?v=trYWAtaf4qM,,,
Sumabato 51 (第51回スマバトS),22/09/2024,Fui (ふい),green,FALSE,0 - 3,Hero,Akakikusu (アカキクス),https://www.youtube.com/watch?v=nC2ZFjJ5ydk,,,
Sumabato 51 (第51回スマバトS),22/09/2024,Fui (ふい),green,TRUE,3 - 1,Diddy Kong,Ryu-Oh (りゅーおー),https://www.youtube.com/watch?v=lSgKQYMLjYc,,,
Sumabato 51 (第51回スマバトS),22/09/2024,Fui (ふい),green,TRUE,3 - 1,Min Min,Doramigi (ドラ右),https://www.youtube.com/watch?v=CzeETFY4SIE,,,
Sumabato 51 (第51回スマバトS),22/09/2024,Ron (ロン),red,FALSE,1 - 3,Luigi,Raru (らる),https://youtu.be/OFS6pJr8SOA?si=MQzpI68DW6yYZRc-,,,
Sumabato 51 (第51回スマバトS),22/09/2024,Ron (ロン),red,TRUE,3 - 2,ROB,kuroponzu (くろぽんず),https://youtu.be/aSyfv_gwC_k?si=_KxSOwB15sb6MCKx,,,
UmeburaSP11 (ウメブラSP11),14/09/2024,Yoshidora (ヨシドラ),blue,FALSE,2 - 3,Bayonetta,TamaPDaifuku (たまPだいふく),https://www.youtube.com/watch?v=JobV-0asUYs,,,
Maesuma'HIT#37 (マエスマ'HIT#37),12/09/2024,Yoshidora (ヨシドラ),blue,TRUE,3 - 1,Steve,33peranbox (33ぺらんbox),https://www.youtube.com/watch?v=wu0MKc9txow,,,
Maesuma'HIT#37 (マエスマ'HIT#37),12/09/2024,Yoshidora (ヨシドラ),blue,TRUE,2 - 0,Zero Suit Samus,Meido(メイド),https://www.youtube.com/watch?v=ZzdfHwB8oFo,,,
Maesuma'HIT#37 (マエスマ'HIT#37),12/09/2024,Yoshidora (ヨシドラ),blue,TRUE,2 - 0,Mii Brawler/Mii SF,Lunamado (ルナマド),https://www.youtube.com/watch?v=rZnCz1lUNZI,,,
Maesuma'HIT#37 (マエスマ'HIT#37),12/09/2024,Yoshidora (ヨシドラ),blue,TRUE,2 - 0,Captain Falcon,Ranao (ラナオ),https://www.youtube.com/watch?v=76xVeFRqGWk,,,
DELTA#8.5,25/08/2024,Fui (ふい),green,FALSE,0 - 3,Olimar,uame (雨飴),https://www.youtube.com/watch?v=DKeZrEQWZws,,,
DELTA#8.5,25/08/2024,Fui (ふい),green,TRUE,3 - 2,Fox,Kou (こう),https://www.youtube.com/watch?v=n84RLZrPATU,,,
第256回スマACT,23/08/2024,Floyd,pink,TRUE,3 - 2,Captain Falcon,Karaage,https://youtu.be/CBcm0Mj9GEQ,,,
Supernova 2024,08/08/2024,Yoshidora (ヨシドラ),blue,FALSE,2 - 3,Ryu,Asimo,https://www.youtube.com/watch?v=0dEx6F7T7K0,,,
Supernova 2024,08/08/2024,Yoshidora (ヨシドラ),blue,TRUE,3 - 1,Steve,Onin,https://www.youtube.com/watch?v=xZIEZpESJbM,,,
Supernova 2024,08/08/2024,Yoshidora (ヨシドラ),blue,FALSE,1 - 3,Corrin,Shadic,https://www.youtube.com/watch?v=WKIqYkqZ8r0,,,
Supernova 2024,08/08/2024,Yoshidora (ヨシドラ),blue,FALSE,3 - 2,Steve,あcola,https://www.youtube.com/watch?v=-3KNPTu9JFM,,,
Supernova 2024,08/08/2024,Yoshidora (ヨシドラ),blue,TRUE,3 - 0,Bayonetta,Geist,https://www.youtube.com/watch?v=vNc-QeH2YXQ,,,
Weekly Smash Party ～スマパ～ #149,07/08/2024,Fui (ふい),green,FALSE,1 - 2,Young Link,ElleGo (エルレゴー),https://youtu.be/TBDloDXCEL8?t=5897,,,
Kyokkan#6 (極冠#6),20/07/2024,Obi,green,FALSE,0 - 3,Bayonetta,TamaPDaifuku (たまPだいふく),https://www.youtube.com/watch?v=Nw13pEhFUKI,,,
Kyokkan#6 (極冠#6),20/07/2024,Obi,green,FALSE,0 - 3,Mario,Shadow (シャドウ),https://www.youtube.com/watch?v=oYyg1yvDPZE,,,
Kyokkan#6 (極冠#6),20/07/2024,Obi,green,TRUE,3 - 2,Luigi,Ogatou (おがとう),https://www.youtube.com/watch?v=Y5psMtUq8ao,,,
Kyokkan#6 (極冠#6),20/07/2024,Obi,green,TRUE,3 - 1,Bayonetta,YamaSSBU (やまSSBU),https://www.youtube.com/watch?v=6eYQCw6b89o,,,
Kyokkan#6 (極冠#6),20/07/2024,Fui (ふい),green,FALSE,1 - 3,Luigi,Ogatou (おがとう),https://www.youtube.com/watch?v=wZq4qsX5cko,,,
Kyokkan#6 (極冠#6),20/07/2024,Fui (ふい),green,TRUE,3 - 0,Ike,Tora (とら),https://www.youtube.com/watch?v=tu1C8_CUw2A,,,
Seibugeki#17 (西武撃#17),15/07/2024,Fui (ふい),green,FALSE,1 - 3,Olimar,Shuton,https://youtu.be/u3S171X6KC8?t=14268,,,
Seibugeki#17 (西武撃#17),15/07/2024,Fui (ふい),green,FALSE,0 - 3,Bayonetta,TamaPDaifuku (たまPだいふく),https://youtu.be/u3S171X6KC8?t=12479,,,
Seibugeki#17 (西武撃#17),15/07/2024,Fui (ふい),green,TRUE,3 - 1,Banjo Kazooie,TG (トリグリ) ,https://youtu.be/u3S171X6KC8?t=7545,,,
Seibugeki#17 (西武撃#17),15/07/2024,Fui (ふい),green,TRUE,3 - 2,Steve,Yamanaction (ヤマナクション),https://youtu.be/u3S171X6KC8?t=4836,,,
Seibugeki#17 (西武撃#17),15/07/2024,Fui (ふい),green,TRUE,3 - 0,Ice Climbers,Harasen (はらせん),https://youtu.be/bEtwLWLjH3M?si=YGsi1c368xBXS3gZ,,,
Seibugeki#17 (西武撃#17),15/07/2024,Fui (ふい),green,TRUE,3 - 0,Min Min,rimu (リム),https://youtu.be/QjPtPAAUNHs?si=glltgjrQDLscslCZ,,,
Sumabato 49 (第49回スマバトSP),14/07/2024,Ron (ロン),red,FALSE,2 - 3,Luigi,Raru (らる),https://youtu.be/Lyum01ahjxU?si=0hTxxzL7u-fQrrKV,,,
Sumabato 49 (第49回スマバトSP),14/07/2024,Ron (ロン),red,TRUE,3 - 0,Toon Link,LV. 1,https://youtu.be/TwJA0X-Z_xY?si=nEldViMxNjwR3ZqH,,,
Sumabato 49 (第49回スマバトSP),14/07/2024,Ron (ロン),red,TRUE,3 - 2,Rosalina,YamaD (やまD),https://youtu.be/Js-ekz4yEn0?si=BMzjLrAQEPIqRBbX,,,
Sumabato 49 (第49回スマバトSP),14/07/2024,Ron (ロン),red,FALSE,1 - 3,Min Min,Doramigi (ドラ右),https://youtu.be/6zcjK7rPLS0?si=zFr5rG7pIWfsbCSA,,,
Sumabato 49 (第49回スマバトSP),14/07/2024,Ron (ロン),red,TRUE,3 - 2,Toon Link,LV. 1,https://youtu.be/0vGnLshSIBk?si=HFm9quSDLIplFo32,,,
Sumabato 49 (第49回スマバトSP),14/07/2024,Ron (ロン),red,TRUE,3 - 1,Falco,Kashiya (かしや),https://youtu.be/2si12QGXE7U?si=gLAwT_jO2T9owPrz,,,
Sumabato 49 (第49回スマバトSP),14/07/2024,Ron (ロン),red,TRUE,3 - 0,Falco,Rarikkusu (ラリックス),https://youtu.be/7a16aNwCYCI?si=eFD2S12iB9sHIUtH,,,
Sumabato 49 (第49回スマバトSP),14/07/2024,Yoshidora (ヨシドラ),blue,FALSE,2 - 3,Toon Link,LV. 1,https://www.youtube.com/watch?v=a5lkAaUM5Bw,,,
Sumabato 49 (第49回スマバトSP),14/07/2024,Yoshidora (ヨシドラ),blue,TRUE,3 - 0,Kazuya,raki (らき),https://www.youtube.com/watch?v=9UFIq9ym5wM,,,
Sumabato 49 (第49回スマバトSP),14/07/2024,Yoshidora (ヨシドラ),blue,TRUE,3 - 0,Donkey Kong,Rarikkusu (ラリックス),https://www.youtube.com/watch?v=4B6-ChK4kU8,,,
Sumabato 49 (第49回スマバトSP),14/07/2024,Yoshidora (ヨシドラ),blue,FALSE,1 - 3,Rosalina,YamaD (やまD),https://www.youtube.com/watch?v=3DJSE5Ws5u8,,,
UltCore THIRD,29/06/2024,Yoshidora (ヨシドラ),blue,FALSE,2 - 3,Luigi,Raru (らる),https://youtu.be/_lVo21WCo2I?t=29011,08:03:31,,
UltCore THIRD,29/06/2024,Yoshidora (ヨシドラ),blue,TRUE,3 - 2,Ryu,Asimo,https://youtu.be/_lVo21WCo2I?t=27791,07:43:11,,
UltCore THIRD,29/06/2024,Yoshidora (ヨシドラ),blue,TRUE,3 - 2,Inkling,Shirayuki,https://youtu.be/_lVo21WCo2I?t=25389,07:03:09,,
UltCore THIRD,29/06/2024,Yoshidora (ヨシドラ),blue,TRUE,3 - 2,Banjo Kazooie,TG (トリグリ) ,https://youtu.be/_lVo21WCo2I?t=23804,06:36:44,,
UltCore THIRD,29/06/2024,Yoshidora (ヨシドラ),blue,TRUE,3 - 1,Snake,Dio,https://www.youtube.com/watch?v=Mtv0FmK5e4c,,,
UltCore THIRD,29/06/2024,Yoshidora (ヨシドラ),blue,FALSE,2 - 3,Inkling,Shirayuki,https://youtu.be/_lVo21WCo2I?t=14239,03:57:19,,
MAESUMA'LANDMARK#1 (マエスマ'LANDMARK#1),23/06/2024,Yoshidora (ヨシドラ),blue,FALSE,0 - 3,Mario,Snow (スノー),https://www.youtube.com/watch?v=IqXGf0Nf6eY,,,
MAESUMA'LANDMARK#1 (マエスマ'LANDMARK#1),23/06/2024,Yoshidora (ヨシドラ),blue,FALSE,2 - 3,Luigi,Raru (らる),https://www.youtube.com/watch?v=fCY9JXoMaOM,,,
MAESUMA'LANDMARK#1 (マエスマ'LANDMARK#1),23/06/2024,Yoshidora (ヨシドラ),blue,TRUE,3 - 2,Mario,Snow (スノー),https://www.youtube.com/watch?v=Aa1UYR_Y65k,,,
MAESUMA'LANDMARK#1 (マエスマ'LANDMARK#1),23/06/2024,Yoshidora (ヨシドラ),blue,TRUE,3 - 1,Steve,33peranbox (33ぺらんbox),https://www.youtube.com/watch?v=Q0tq7oBVPgs,,,
Weekly Smash Party ～スマパ～ #140,05/06/2024,Fui (ふい),green,TRUE,2 - 0,Min Min/Steve,rimu (リム),https://youtu.be/tOus4FU-snQ?t=390,,,
Weekly Smash Party ～スマパ～ #140,05/06/2024,Fui (ふい),green,TRUE,2 - 0,Min Min/Steve,rimu (リム),https://youtu.be/tOus4FU-snQ?si=X2zFYp5684MkDc3Z,,,
Weekly Smash Party ～スマパ～ #140,05/06/2024,Fui (ふい),green,TRUE,2 - 1,Sephiroth,reno (れの),https://youtu.be/S2eSjBBxp9I?si=yNA0Upf4Ul9jGH16,,,
Weekly Smash Party ～スマパ～ #140,05/06/2024,Fui (ふい),green,TRUE,2 - 0,Young Link,Suinoko (すいのこ),https://youtu.be/VunoC-PEPSg?si=DDuR4yzcfXgT1D5S,,,
Weekly Smash Party ～スマパ～ #140,05/06/2024,Fui (ふい),green,TRUE,2 - 0,Olimar,uame (雨飴),https://youtu.be/Zj_FxTBjaj4?t=6038,,,
Weekly Smash Party ～スマパ～ #140,05/06/2024,Fui (ふい),green,TRUE,2 - 0,Kazuya,Chai (ちゃい),https://youtu.be/WLl5Nv5Rf34?si=mnVh_26YVoDmjDsy,,,
Sumabato 47 (第47回スマバトSP),19/05/2024,Yoshidora (ヨシドラ),blue,FALSE,2 - 3,ROB,kuroponzu (くろぽんず),https://www.youtube.com/watch?v=1K9vFV-HMiM,,,
Sumabato 47 (第47回スマバトSP),19/05/2024,Yoshidora (ヨシドラ),blue,FALSE,0 - 3,Ryu,Asimo,https://www.youtube.com/watch?v=Y1OIVuuSu5Q,,,
Sumabato 47 (第47回スマバトSP),19/05/2024,Yoshidora (ヨシドラ),blue,TRUE,3 - 0,Yoshi,Fui (ふい),https://www.youtube.com/watch?v=UscfUzBFQCA,,,
Sumabato 47 (第47回スマバトSP),19/05/2024,Yoshidora (ヨシドラ),blue,TRUE,3 - 1,ROB,sssr,https://www.youtube.com/watch?v=8IR8VpShvrs,,,
Sumabato 47 (第47回スマバトSP),19/05/2024,Fui (ふい),green,FALSE,1 - 3,Steve/Game & Watch,miya (ミーヤー),https://youtu.be/cEcj5-Lhej4?si=vyrlGEjLeTNiOxHG,,,
Sumabato 47 (第47回スマバトSP),19/05/2024,Fui (ふい),green,TRUE,3 - 2,Falco,MASA,https://youtu.be/hoTuKc9Kwdo?si=DQu94lF2nVsLPb5u,,,
鬼灯火#33,18/05/2024,Fui (ふい),green,TRUE,3 - 1,Falco,Shupi (シュピ),https://youtu.be/eq30uEY2hZo?t=13968,,,
鬼灯火#33,18/05/2024,Fui (ふい),green,TRUE,3 - 1,Falco,Shupi (シュピ),https://youtu.be/eq30uEY2hZo?t=13150,,,
鬼灯火#33,18/05/2024,Fui (ふい),green,TRUE,3 - 1,Aegis,Yadon (ヤドン),https://youtu.be/eq30uEY2hZo?t=12221,,,
鬼灯火#33,18/05/2024,Fui (ふい),green,FALSE,1 - 3,Falco,Shupi (シュピ),https://youtu.be/eq30uEY2hZo?t=9872,,,
鬼灯火#33,18/05/2024,Fui (ふい),green,TRUE,3 - 1,Aegis,Yadon (ヤドン),https://youtu.be/eq30uEY2hZo?t=8549,,,
鬼灯火#33,18/05/2024,Fui (ふい),green,TRUE,3 - 0,Steve,Az (あず),https://youtu.be/eq30uEY2hZo?t=4253,,,
GOML X,17/05/2024,Burst,blue,TRUE,3 - 1,Link,isohel,https://youtu.be/0xS7v5dxEuk,,,
King 2024,11/05/2024,Pharaoh,purple,FALSE,1 - 3,Bowser,LeoN,https://youtu.be/I4ryHAMysp8,,,
KAGARIBI#12 (篝火#12),05/05/2024,Yoshidora (ヨシドラ),blue,TRUE,3 - 0,Cloud,TKM,https://www.youtube.com/watch?v=qXtYK7TQxvc,,,
ITSUKUSHIMA#3.5 (第3.5回イツクシマ),29/04/2024,Ron (ロン),red,TRUE,3 - 2,Falco,MASA,https://youtu.be/R4mEuj_KUY0?t=835,00:13:55,,
ITSUKUSHIMA#3.5 (第3.5回イツクシマ),29/04/2024,Ron (ロン),red,FALSE,0 - 3,Falco,MASA,https://www.youtube.com/watch?v=R4mEuj_KUY0,,,
ITSUKUSHIMA#3.5 (第3.5回イツクシマ),29/04/2024,Ron (ロン),red,TRUE,3 - 1,Shulk,Kome,https://www.youtube.com/watch?v=Fgj3euQ3GRM,,,
ITSUKUSHIMA#3.5 (第3.5回イツクシマ),29/04/2024,Ron (ロン),red,TRUE,3 - 1,Corrin,Dieごろう,https://www.youtube.com/watch?v=SW7YytkQKkY,,,
ITSUKUSHIMA#3.5 (第3.5回イツクシマ),29/04/2024,Ron (ロン),red,TRUE,3 - 0,Kazuya,miko (みこ),https://www.youtube.com/watch?v=MCNx_QnCy5s,,,
ITSUKUSHIMA#3.5 (第3.5回イツクシマ),29/04/2024,Ron (ロン),red,TRUE,3 - 0,Captain Falcon,nakatakan (なかたえ),https://www.youtube.com/watch?v=VIa8yoUakN8,,,
JINGI #3 (仁義),28/04/2024,Fui (ふい),green,FALSE,0 - 3,Steve/Luigi,Yamanaction (ヤマナクション),https://youtu.be/JDR5vcNUsDQ?t=21322,05:55:22,,
JINGI #3 (仁義),28/04/2024,Fui (ふい),green,TRUE,3 - 1,Sheik,Eim,https://youtu.be/JDR5vcNUsDQ?t=19105,05:18:25,,
JINGI #3 (仁義),28/04/2024,Fui (ふい),green,FALSE,2 - 3,Donkey Kong,poppy (ポピー),https://youtu.be/JDR5vcNUsDQ?t=11735,03:15:35,,
MAESUMA'GRAND WARS (マエスマ'GRAND WARS),27/04/2024,Fui (ふい),green,FALSE,2 - 3,Steve,33peranbox (33ぺらんbox),https://youtu.be/om0E8nfEPcM?t=14170,03:56:10,Multistream,
MAESUMA'GRAND WARS (マエスマ'GRAND WARS),27/04/2024,Fui (ふい),green,TRUE,3 - 2,Inkling,Shirayuki,https://youtu.be/om0E8nfEPcM?t=11995,03:19:55,Multistream,
MAESUMA'GRAND WARS (マエスマ'GRAND WARS),27/04/2024,Fui (ふい),green,TRUE,3 - 0,Shulk,kinaji,https://youtu.be/om0E8nfEPcM?t=10150,02:49:10,Multistream,
MAESUMA'GRAND WARS (マエスマ'GRAND WARS),27/04/2024,Fui (ふい),green,FALSE,0 - 2,Wario,0 - 2,https://youtu.be/om0E8nfEPcM?t=1871,00:31:15,Multistream,
Weekly Smash Party ～スマパ～ #133,17/04/2024,Fui (ふい),green,FALSE,0 - 2,Daisy,Umeki,https://youtu.be/4Fs2OR5abvQ,,,
Sumabato 46 (第46回スマバトSP),14/04/2024,Yoshidora (ヨシドラ),blue,FALSE,2 - 3,Luigi,Raru (らる),https://www.youtube.com/watch?v=xgkG3XQM8NQ,,,
Sumabato 46 (第46回スマバトSP),14/04/2024,Yoshidora (ヨシドラ),blue,FALSE,0 - 3,Steve,miya (ミーヤー),https://www.youtube.com/watch?v=E59ZrPZ284I,,,
Sumabato 46 (第46回スマバトSP),14/04/2024,Yoshidora (ヨシドラ),blue,TRUE,3 - 1,Ryu,Asimo,https://www.youtube.com/watch?v=ySyFn1P-PM4,,,
Sumabato 46 (第46回スマバトSP),14/04/2024,Yoshidora (ヨシドラ),blue,TRUE,3 - 1,Dr. Mario,Tsumusuto,https://www.youtube.com/watch?v=ghCu5ax8OE8,,,
Stick Drift 5,06/04/2024,Pharaoh,purple,FALSE,2 - 3,Steve/Ness,Syrup,https://www.youtube.com/watch?v=PWF9U0jAOMg,,,
Stick Drift 5,06/04/2024,Pharaoh,purple,TRUE,3 - 0,Bayonetta,Lima,https://www.youtube.com/watch?v=Kfrj9y-eECk,,,
Stick Drift 5,06/04/2024,Pharaoh,purple,TRUE,3 - 1,Samus/Mario,NoTag,https://www.youtube.com/watch?v=ci_oKNy5b_A,,,
Stick Drift 5,06/04/2024,Pharaoh,purple,TRUE,3 - 1,Min Min,Justice,https://www.youtube.com/watch?v=MGwZcbfc05U,,,
Stick Drift 5,06/04/2024,Pharaoh,purple,TRUE,3 - 2,Wii Fit Trainer,Oolong,https://www.youtube.com/watch?v=yWIZuxyTPBM,,,
Stick Drift 5,06/04/2024,Pharaoh,purple,TRUE,3 - 0,Wii Fit Trainer,Chunky,https://www.youtube.com/watch?v=daOAC2NyJu8,,,
Stick Drift 5,06/04/2024,Pharaoh,purple,TRUE,3 - 1,Steve,Steffen,https://www.youtube.com/watch?v=a1k7SH4Zw9o,,,
Stick Drift 5,06/04/2024,Pharaoh,purple,TRUE,3 - 1,Isabelle,Twitchy!,https://www.youtube.com/watch?v=mGKZ-ozEhHo,,,
Stick Drift 5,06/04/2024,Pharaoh,purple,TRUE,3 - 1,Steve,leolee,https://www.youtube.com/watch?v=RgWcFlCTuC8,,,
Battle of BC 6,31/03/2024,Yoshidora (ヨシドラ),blue,FALSE,2 - 3,Cloud,Sparg0,https://www.youtube.com/watch?v=fL60CXwbp4A,,,
Battle of BC 6,31/03/2024,Yoshidora (ヨシドラ),blue,TRUE,3 - 1,Min Min,Doramigi (ドラ右),https://www.youtube.com/watch?v=c175XOSodUk,,,
Battle of BC 6,31/03/2024,Yoshidora (ヨシドラ),blue,TRUE,3 - 2,Banjo Kazooie,TG (トリグリ) ,https://www.youtube.com/watch?v=tVp2uGl5S9E,,,
Battle of BC 6,31/03/2024,Yoshidora (ヨシドラ),blue,FALSE,1 - 3,Cloud,Sparg0,https://www.youtube.com/watch?v=USG0RuR0d1Q,,,
Battle of BC 6,31/03/2024,Yoshidora (ヨシドラ),blue,TRUE,3 - 0,Palutena,Raflow,https://www.youtube.com/watch?v=GZXEuoyR3RY,,,
Battle of BC 6,31/03/2024,Yoshidora (ヨシドラ),blue,TRUE,3 - 0,Wolf,Ouch?!,https://www.youtube.com/watch?v=UyN-f-HrLK8,,,https://insights.gg/dashboard/video/4VO1RN570OQ7u9TELfesZr/replay
Battle of BC 6,31/03/2024,Yoshidora (ヨシドラ),blue,TRUE,3 - 1,Steve,Quandale Dinglelingleton,https://www.youtube.com/watch?v=m1wqD7X2t7Y,,,
Battle of BC 6,31/03/2024,Ron (ロン),red,FALSE,1 - 3,Wolf,Ouch?!,https://www.youtube.com/watch?v=rf5jQ0P9CZY,,,
Battle of BC 6,31/03/2024,Ron (ロン),red,TRUE,3 - 1,Byleth,Mkleo,https://www.youtube.com/watch?v=jafdevrBrOk,,,
Battle of BC 6,31/03/2024,Ron (ロン),red,TRUE,3 - 0,Steve,Soar,https://www.youtube.com/watch?v=X1w2N1HAxRw,,,
Battle of BC 6,31/03/2024,Ron (ロン),red,FALSE,1 - 3,Chrom,Lancelot,https://www.youtube.com/watch?v=QEK33Ed-KE0,,,
Battle of BC 6,31/03/2024,Burst,blue,FALSE,1 - 3,Diddy Kong,Ryu-Oh (りゅーおー),https://www.youtube.com/watch?v=6Ax_DQkCVgM,,,
Battle of BC 6,31/03/2024,Burst,blue,TRUE,3 - 2,Zero Suit Samus,OPSINE,https://www.youtube.com/watch?v=36ol65VY5A8,,,
Battle of BC 6,31/03/2024,Burst,blue,TRUE,3 - 0,Mii Brawler,FIRETHEPYRO,https://www.youtube.com/watch?v=gZ-vZRe9h6s,,,
Battle of BC 6,31/03/2024,Burst,blue,TRUE,3 - 0,Game & Watch/Bowser Jr,LUISITO,https://www.twitch.tv/videos/2106013240?t=1h28m21s,01:28:19,Multistream,
Battle of BC 6,31/03/2024,Burst,blue,FALSE,1 - 3,Game & Watch,Monte,https://www.youtube.com/watch?v=0toNqD3Bcdg,,,
Battle of BC 6,31/03/2024,THE SCHMIXTAPE,green,FALSE,1 - 3,Ike,BIGTTARFAN600,https://www.youtube.com/watch?v=HYf-QqH4BVE,,,
Battle of BC 6,31/03/2024,THE SCHMIXTAPE,green,FALSE,2 - 3,Steve,SOAR,https://www.youtube.com/watch?v=9BwDiDzfTew,,,
The Pregame - BOBC6,28/03/2024,Yoshidora (ヨシドラ),blue,FALSE,1 - 3,Kazuya,Riddles,https://youtu.be/Yg2sj7HmscM?t=23966,06:39:26,,
The Pregame - BOBC6,28/03/2024,Yoshidora (ヨシドラ),blue,TRUE,3 - 2,Snake,Hurt,https://youtu.be/Yg2sj7HmscM?t=22484,06:14:44,,
The Pregame - BOBC6,28/03/2024,Yoshidora (ヨシドラ),blue,FALSE,2 - 3,Kazuya,Riddles,https://youtu.be/Yg2sj7HmscM?t=19863,05:31:03,,
The Pregame - BOBC6,28/03/2024,Yoshidora (ヨシドラ),blue,TRUE,3 - 0,Wario,Glutonny,https://youtu.be/Yg2sj7HmscM?t=17545,04:52:25,,
The Pregame - BOBC6,28/03/2024,Ron (ロン),red,FALSE,0 - 2,Kazuya,Riddles,https://youtu.be/Yg2sj7HmscM?t=16944,04:42:24,,
The Pregame - BOBC6,28/03/2024,THE SCHMIXTAPE,green,FALSE,0 - 2,Samus,Quik,https://youtu.be/Yg2sj7HmscM?t=10691,02:58:11,,
Maesuma'U22 (マエスマ'U22),23/03/2024,Fui (ふい),green,FALSE,1 - 3,Min Min,Doramigi (ドラ右),https://www.youtube.com/watch?v=pCBrtSeyB30,,,
a真・闘龍門 / Shin Toryumon #37,21/03/2024,Fui (ふい),green,TRUE,2 - 0,Ice Climbers,tomisa (とみさ),https://youtu.be/iCuni9b5O6g,,,
Collision 2024,15/03/2024,Pharaoh,purple,TRUE,3 - 2,Olimar,Kirby509,https://www.youtube.com/watch?v=pCozAYXKLcg,,,
Shin Toryumon #36,14/03/2024,Fui (ふい),green,TRUE,3 - 0,Min Min,rimu (リム),https://www.youtube.com/watch?v=jz3qAz3TNvI&t=1152s,00:19:11,,
Shin Toryumon #36,14/03/2024,Fui (ふい),green,FALSE,2 - 3,Min Min,rimu (リム),https://youtu.be/jz3qAz3TNvI,,,
Shin Toryumon #36,14/03/2024,Fui (ふい),green,TRUE,3 - 2,Min Min,rimu (リム),https://www.youtube.com/watch?v=a3t8L3dWDg0,,,
Shin Toryumon #36,14/03/2024,Fui (ふい),green,TRUE,2 - 0,Fox,kou (こう),https://www.youtube.com/watch?v=1ATk5vglmlI,,,
Shin Toryumon #36,14/03/2024,Fui (ふい),green,TRUE,2 - 0,Wario,amu (あま),https://www.youtube.com/watch?v=cz4432PbHb0,,,
LEADD+2,10/03/2024,Fui (ふい),green,FALSE,2 - 3,Fox/Diddy Kong,Paseriman,https://www.youtube.com/watch?v=CB1wlmLRZBM&t=5694s,01:34:54,,
Sweet Spot 8,02/03/2024,Justin24,purple,FALSE,2 - 3,Fox,PeZ,https://youtu.be/9IyqKa7Obv0,,,
マエスマ'GRAND WARS 4,28/02/2024,Fui (ふい),green,FALSE,0 - 2,Daisy,Umeki,https://youtu.be/tutd5Kr9yNY,,,
Stargate S5 Finale,23/02/2024,Pharaoh,purple,TRUE,2 - 0,Ice Climbers,Seel,https://youtu.be/VSlL1Z2teoo,,,
Weekly Smash Party ～スマパ～ #124,14/02/2024,Fui (ふい),green,TRUE,2 - 0,Ice Climbers,Futari.. (ふたりのきわみアー!),https://youtu.be/42cFDT6kxPw,,,
Weekly Smash Party ～スマパ～ #123,06/02/2024,Fui (ふい),green,FALSE,1 - 2,Ness,Gackt (がくと),https://youtu.be/5UbCvIQLiwg,,,
Shin Toryumon #30,01/02/2024,Fui (ふい),green,FALSE,0 - 2,Peach,Eik (エイク),https://youtu.be/pQO-95ux1RA,,,
UltCore Second,27/01/2024,Fui (ふい),green,FALSE,1 - 3,Mario,Snow (スノー),https://www.youtube.com/watch?v=FluVAA0_cFo,,,
UltCore Second,27/01/2024,Fui (ふい),green,TRUE,3 - 0,Hero,Akakikusu (アカキクス),https://www.youtube.com/watch?v=7rxaTMYsjuk,,,
UltCore Second,27/01/2024,Fui (ふい),green,TRUE,3 - 0,Snake,DIO,https://www.youtube.com/watch?v=Ixe5E_-VohM,,,
UltCore Second,27/01/2024,Fui (ふい),green,FALSE,2 - 3,Wario,Glutonny,https://www.youtube.com/watch?v=nezN5mXT1AQ,,,
知恵捨 #3,20/01/2024,Yoshidora (ヨシドラ),blue,FALSE,2 - 3,Snake,Hurt,https://www.youtube.com/watch?t=15284&v=7SLoXyLHHtY&feature=youtu.be,04:14:44,,https://insights.gg/dashboard/video/3k49Cc1YKcbuUSHCkXCDq6/replay
知恵捨 #3,20/01/2024,Yoshidora (ヨシドラ),blue,TRUE,3 - 0 ,Cloud/Terry,Rizeasu,https://www.youtube.com/watch?v=7SLoXyLHHtY&t=14206s,03:56:40,,https://insights.gg/dashboard/video/3k49Cc1YKcbuUSHCkXCDq6/replay
知恵捨 #3,20/01/2024,Yoshidora (ヨシドラ),blue,FALSE,1 - 3,Snake,Hurt,https://www.youtube.com/watch?v=7SLoXyLHHtY&t=11681s,03:14:40,,https://insights.gg/dashboard/video/3k49Cc1YKcbuUSHCkXCDq6/replay
知恵捨 #3,20/01/2024,Yoshidora (ヨシドラ),blue,TRUE,3 - 0,Pokemon Trainer/Wolf,RenG,https://www.youtube.com/watch?v=7SLoXyLHHtY&t=7283s,02:01:25,,https://insights.gg/dashboard/video/3k49Cc1YKcbuUSHCkXCDq6/replay
Double G #18,19/01/2024,Yoshidora (ヨシドラ),blue,TRUE,3 - 0,Terry,Rizeasu,https://youtu.be/ecBK4NSQ5FU?t=9600,02:40:00,,https://insights.gg/dashboard/video/28e6bRHZ3w2KTjjwwLrp7N/replay
Double G #18,19/01/2024,Yoshidora (ヨシドラ),blue,FALSE,1 - 3,Terry,Rizeasu,https://youtu.be/ecBK4NSQ5FU?t=8620,02:23:40,,https://insights.gg/dashboard/video/28e6bRHZ3w2KTjjwwLrp7N/replay
Double G #18,19/01/2024,Yoshidora (ヨシドラ),blue,TRUE,3 - 0,Byleth,Rizeasu,https://youtu.be/ecBK4NSQ5FU?t=5288,01:28:08,,https://insights.gg/dashboard/video/28e6bRHZ3w2KTjjwwLrp7N/replay
Double G #18,19/01/2024,Yoshidora (ヨシドラ),blue,TRUE,2 - 1,Isabelle,Rokki (ロッキー),https://youtu.be/ecBK4NSQ5FU?t=3536,00:58:36,,https://insights.gg/dashboard/video/28e6bRHZ3w2KTjjwwLrp7N/replay
Double G #18,19/01/2024,Yoshidora (ヨシドラ),blue,TRUE,2 - 0,Game & Watch,nono (のの),https://youtu.be/ecBK4NSQ5FU?t=2106,00:35:06,,https://insights.gg/dashboard/video/28e6bRHZ3w2KTjjwwLrp7N/replay
Kowloon 9,14/01/2024,Ron (ロン),red,TRUE,3 - 2,Bowser,Hero (ヘロー),https://www.youtube.com/watch?v=RRE6lT9ZuYs,,Phone,
Kowloon 9,14/01/2024,Ron (ロン),red,TRUE,3 - 2,Wolf,Ouch!?,https://www.youtube.com/watch?v=8bv9i0D7IVI,,Phone,
Kowloon 9,14/01/2024,Ron (ロン),red,FALSE,0 - 3,Corrin,Neo,https://www.youtube.com/watch?v=dirVV5bP8Co,,,
Kowloon 9,13/01/2024,Yoshidora (ヨシドラ),blue,TRUE,3 - 0,Diddy Kong,Maurice (モーリス) ,https://www.youtube.com/watch?v=9CwPIS0Vf5w,,,
Kowloon 9,13/01/2024,Floyd,pink,FALSE,0 - 3,ROB,saboten,https://www.youtube.com/watch?v=gooY-n6-9cg,,,
UmeburaSP#10,08/01/2024,Yoshidora (ヨシドラ),blue,FALSE,2 - 3,Sora,Kameme,https://www.youtube.com/watch?v=e9t2FfTLm6c,,,
UmeburaSP#10,08/01/2024,Yoshidora (ヨシドラ),blue,TRUE,3 - 0,Banjo Kazooie,TG (トリグリ) ,https://www.youtube.com/watch?v=42FoeXiXFqE,,,
UmeburaSP#10,08/01/2024,Yoshidora (ヨシドラ),blue,TRUE,3 - 1,Hero,Akakikusu (アカキクス),https://www.youtube.com/watch?v=nn2d9uD0Egg,,,
UmeburaSP#10,08/01/2024,Yoshidora (ヨシドラ),blue,FALSE,2 - 3,Daisy,Umeki,https://www.youtube.com/watch?v=9UbNbupcch8,,,
UmeburaSP#10,08/01/2024,Yoshidora (ヨシドラ),blue,TRUE,3 - 0,Inkling,Shirayuki,https://www.youtube.com/watch?v=MMCumd3pqOM,,,
UmeburaSP#10,08/01/2024,Yoshidora (ヨシドラ),blue,TRUE,3 - 2,Yoshi,Fui (ふい),https://www.youtube.com/watch?v=AR_wJg5LEbw,,Phone,
UmeburaSP#10,08/01/2024,Fui (ふい),green,FALSE,2 - 3,Cloud/Marth,Rizeasu,https://www.youtube.com/watch?v=4kC6dxxsLXw,,,
UmeburaSP#10,08/01/2024,Fui (ふい),green,TRUE,3 - 1,Steve,Rima,https://www.youtube.com/watch?v=fA_Tu2MSugw,,Phone,
Sumabato 43 (第43回スマバトSP),17/12/2023,Yoshidora (ヨシドラ),blue,FALSE,2 - 3,Diddy Kong,Ryu-Oh (りゅーおー),https://www.youtube.com/watch?v=9aA3opTXk-U,,,
Sumabato 43 (第43回スマバトSP),17/12/2023,Yoshidora (ヨシドラ),blue,FALSE,2 - 3,Captain Falcon,Jogibu,https://www.youtube.com/watch?v=qLiTgCXWuVM,,,
Sumabato 43 (第43回スマバトSP),17/12/2023,Yoshidora (ヨシドラ),blue,TRUE,3 - 0,Yoshi,Ron (ロン),https://www.youtube.com/watch?v=XlNMD_D4j9M,,,
Sumabato 43 (第43回スマバトSP),17/12/2023,Yoshidora (ヨシドラ),blue,TRUE,3 - 1,Toon Link,Seika (犀夏) ,https://www.youtube.com/watch?v=jtdL5BaGS1Y,,,
Sumabato 43 (第43回スマバトSP),17/12/2023,Yoshidora (ヨシドラ),blue,TRUE,3 - 0,Bowser,Rearlet (リアーレット),https://www.youtube.com/watch?v=SyLccABKC-M,,,
Sumabato 43 (第43回スマバトSP),17/12/2023,Ron (ロン),red,TRUE,3 - 1,Min Min,Doramigi (ドラ右),https://www.youtube.com/watch?v=0ittsqrEgTM,,,
Sumabato 43 (第43回スマバトSP),17/12/2023,Ron (ロン),red,TRUE,3 - 0,Duo Duck Hunt,mzk,https://www.youtube.com/watch?v=_ly_Oa6z19U,,,
Sumabato 43 (第43回スマバトSP),17/12/2023,Ron (ロン),red,TRUE,3 - 0,Jigglypuff,Senra (せんら),https://www.youtube.com/watch?v=Wty24GrymvU,,,
Sumabato 43 (第43回スマバトSP),17/12/2023,Ron (ロン),red,FALSE,0 - 3,Shulk,Kome,https://www.youtube.com/watch?v=CAc1leyGOrI,,,
Sumabato 43 (第43回スマバトSP),17/12/2023,Ron (ロン),red,TRUE,3 - 0,Dr. Mario,Tsumusuto,https://www.youtube.com/watch?v=-ZFgOQP4VBs,,,
Maesuma TOP#15,26/11/2023,Yoshidora (ヨシドラ),blue,FALSE,2 - 3,Game & Watch/Steve,miya (ミーヤー),https://www.youtube.com/watch?v=TmmkaidqxwI,,,
Maesuma TOP#15,26/11/2023,Yoshidora (ヨシドラ),blue,TRUE,3 - 2,Toon Link,Lv. 1,https://www.youtube.com/watch?v=mRwN6HA5RCo,,,
Maesuma TOP#15,26/11/2023,Yoshidora (ヨシドラ),blue,TRUE,3 - 1,Mario,Snow (スノー),https://www.youtube.com/watch?v=eG_VVs3RLRU,,,
Maesuma TOP#15,26/11/2023,Yoshidora (ヨシドラ),blue,TRUE,3 - 0,Inkling,Shirayuki,https://www.youtube.com/watch?v=ah-QKcw7Vyk,,,
Maesuma TOP#15,26/11/2023,Yoshidora (ヨシドラ),blue,TRUE,3 - 0,Roy/Kazuya,alice,https://www.youtube.com/watch?v=S7X3q2w-g0o,,,
Maesuma TOP#15,26/11/2023,Yoshidora (ヨシドラ),blue,TRUE,3 - 0,Falco,MASA,https://www.youtube.com/watch?v=1MCgD0fjyk0,,,
King of the Ville 2023,04/11/2023,Pharaoh,Purple,FALSE,3 - 2,Roy,Juice,https://youtu.be/7hdY0e8Baog,,,
Maesuma TOP#15,26/11/2023,Yoshidora (ヨシドラ),blue,TRUE,3 - 1,Diddy Kong,Nietono,https://www.youtube.com/watch?v=PKSbsSDPCSs,,,
MaesumaHIT#92 (マエスマHIT#92),02/11/2023,Floyd,pink,TRUE,2 - 0,Donkey Kong,Tsubasuwa (つばすわ),https://youtu.be/9oRp-axSjAo,,,
Maesuma TOP#14.5,29/10/2023,Yoshidora (ヨシドラ),blue,FALSE,2 - 3,Steve,あcola,https://www.youtube.com/watch?v=FhoZPhdnPmI,,,
Maesuma TOP#14.5,29/10/2023,Yoshidora (ヨシドラ),blue,TRUE,3 - 2,Ryu,Asimo,https://www.youtube.com/watch?v=bzMPOTaOyRc,,,
Maesuma TOP#14.5,29/10/2023,Yoshidora (ヨシドラ),blue,FALSE,1 - 3,Steve,あcola,https://www.youtube.com/watch?v=_AUIjXfT68Q,,,
Maesuma TOP#14.5,29/10/2023,Yoshidora (ヨシドラ),blue,TRUE,3 - 2,Ryu,Asimo,https://www.youtube.com/watch?v=hz_JmPJc2PE,,,
Maesuma TOP#14.5,29/10/2023,Yoshidora (ヨシドラ),blue,TRUE,3 - 1,Incineroar,Skyjay,https://www.youtube.com/watch?v=jPEUCphp7b8,,,
KAGARIBI#11 ,06/10/2023,Yoshidora (ヨシドラ),blue,FALSE,1 - 3,Steve,あcola,https://www.youtube.com/watch?v=6tjCrrYxY7o,,,
KAGARIBI#11 ,06/10/2023,Yoshidora (ヨシドラ),blue,TRUE,3 - 1,Kazuya/PacMan,Tea,https://www.youtube.com/watch?v=p7cxHY1iKGs,,,
KAGARIBI#11 ,06/10/2023,Yoshidora (ヨシドラ),blue,TRUE,3 - 1,Fox,Kaninabe (かになべ),https://www.youtube.com/watch?v=URAyGBigp48,,,
KAGARIBI#11 ,06/10/2023,Yoshidora (ヨシドラ),blue,TRUE,3 - 2,Ryu,Asimo,https://www.youtube.com/watch?v=N3vJrr_E6X0,,,
KAGARIBI#11 ,06/10/2023,Yoshidora (ヨシドラ),blue,TRUE,3 - 1,Sonic,KEN,https://www.youtube.com/watch?v=o0kQT2gX23E,,,
KAGARIBI#11,06/10/2023,Yoshidora (ヨシドラ),blue,TRUE,3 - 0,Falco,MASA,https://www.youtube.com/watch?v=2wk-j8NXlj4,,,
KAGARIBI#11,06/10/2023,Yoshidora (ヨシドラ),blue,TRUE,3 - 1,Fox,Paseriman,https://www.youtube.com/watch?v=lvEZzxRF7o4,,,
Sumabato Ultimate (スマバトSPアルティメット ),16/09/2023,Ron (ロン),red,FALSE,0 - 3,Steve,あcola,https://www.youtube.com/watch?v=S4dsycyaDWo,,,
Sumabato Ultimate (スマバトSPアルティメット ),16/09/2023,Ron (ロン),red,TRUE,3 - 0,Game & Watch,miya (ミーヤー),https://www.youtube.com/watch?v=oFjOAHGzyCk,,,
Sumabato Ultimate (スマバトSPアルティメット ),16/09/2023,Ron (ロン),red,TRUE,3 - 0,Luigi,Raru (らる),https://www.youtube.com/watch?v=o8JZ_xCVAe4,,,
Sumabato Ultimate (スマバトSPアルティメット ),16/09/2023,Ron (ロン),red,TRUE,3 - 2,Falco,MASA,https://www.youtube.com/watch?v=_k7QImS23LY,,,
Sumabato Ultimate (スマバトSPアルティメット ),16/09/2023,Ron (ロン),red,TRUE,3 - 1,Mario,Snow (スノー),https://www.youtube.com/watch?v=PgNYivtW1L4,,,
Sumabato Ultimate (スマバトSPアルティメット ),16/09/2023,Ron (ロン),red,TRUE,3 - 1,Min Min,Doramigi (ドラ右),https://www.youtube.com/watch?v=Mhi53SLmG2U,,,
Sumabato Ultimate (スマバトSPアルティメット ),16/09/2023,Ron (ロン),red,TRUE,3 - 2,Dr. Mario,Tsumusuto,https://www.youtube.com/watch?v=ZZNeYwZV46U,,,
Sumabato Ultimate (スマバトSPアルティメット ),16/09/2023,Ron (ロン),red,TRUE,3 - 1,Greninja,banira (バニラ),https://www.youtube.com/watch?v=AIp9l9V8Apw,,,
Sumabato Ultimate (スマバトSPアルティメット ),16/09/2023,Ron (ロン),red,TRUE,2 - 0,Ice Climbers,tomisa (とみさ),https://www.youtube.com/watch?v=JrNrvSwlmDo,,,
Sumabato Ultimate (スマバトSPアルティメット ),16/09/2023,Yoshidora (ヨシドラ),blue,FALSE,0 - 3,Ryu,Asimo,https://www.youtube.com/watch?v=tLws-MEHfPA,,,
Sumabato Ultimate (スマバトSPアルティメット ),16/09/2023,Yoshidora (ヨシドラ),blue,FALSE,1 - 3,Luigi,Raru (らる),https://www.youtube.com/watch?v=W9EU5kttl9w,,,
Sumabato Ultimate (スマバトSPアルティメット ),16/09/2023,Yoshidora (ヨシドラ),blue,TRUE,3 - 0,ROB/Steve,anko,https://www.youtube.com/watch?v=ep78BqRbElE,,,
Sumabato Ultimate (スマバトSPアルティメット ),16/09/2023,Yoshidora (ヨシドラ),blue,TRUE,2 - 0,Wolf,nutmeg (ナツメグ),https://www.youtube.com/watch?v=4Ytr6RVJrl8,,,
Sumabato Ultimate (スマバトSPアルティメット ),16/09/2023,Yoshidora (ヨシドラ),blue,TRUE,2 - 0,Wolf,misuto (みすと),https://www.youtube.com/watch?v=F2tCIukB5P4,,,
Riptide 2024,06/09/2024,Pharaoh,purple,TRUE,3 - 2,Samus,IcyMist,https://youtu.be/X5F4coXH-Jw,,,
Tera,03/09/2023,Yoshidora (ヨシドラ),blue,FALSE,2 - 3,ROB,Zomba,https://www.youtube.com/watch?v=SsO7I0oQFV8,,,
Tera,03/09/2023,Yoshidora (ヨシドラ),blue,TRUE,3 - 0,Wolf,Oryon,https://www.youtube.com/watch?v=PLSwPQ3zx9U,,,
Tera,03/09/2023,Yoshidora (ヨシドラ),blue,FALSE,0 - 3,Palutena,Raflow,https://www.youtube.com/watch?v=jhV-Vb491vo,,,
Tera,03/09/2023,Yoshidora (ヨシドラ),blue,TRUE,3 - 0,Mario,Youssef,https://www.youtube.com/watch?v=0HdRdXU3CHo,,,
Alpha 6,07/08/2023,Myles,moss,FALSE,1 - 2,Roy,Juice,https://youtu.be/oPl50a5gvbQ,,,
Sumabato 40 (第40回スマバトSP),16/07/2023,Yoshidora (ヨシドラ),blue,TRUE,3 - 1,Luigi,Raru (らる),https://www.youtube.com/watch?v=XGMa5F_uX8E,,,
Sumabato 40 (第40回スマバトSP),16/07/2023,Yoshidora (ヨシドラ),blue,TRUE,3 - 0,Luigi,Raru (らる),https://www.youtube.com/watch?v=NvygrSebrKQ,,,
マエスマTOP#13 / MaesumaTOP#13,24/06/2023,Yoshidora (ヨシドラ),blue,TRUE,3 - 2,Bowser/Donkey Kong,Hero (ヘロー),https://youtu.be/efDSzxnAF-0,,,
Sumabato 39 (第39回スマバトSP),18/06/2023,Yoshidora (ヨシドラ),blue,TRUE,3 - 2,Jigglypuff,Senra (せんら),https://youtu.be/21OM0pIo4rY,,,
Battle of BC 5,19/05/2023,Yoshidora (ヨシドラ),blue,FALSE,2 - 3,Dark Samus,Sisqui,https://youtu.be/yvs33QQQJ3c,,,
Battle of BC 5,19/05/2023,Yoshidora (ヨシドラ),blue,TRUE,3 - 2,Jigglypuff,BassMage,https://youtu.be/2ySdQ5l8-FU,,,
Sumabato 34 (第34回スマバトSP),04/01/2023,Yoshidora (ヨシドラ),blue,TRUE,3 - 0,Fox,Kaninabe (かになべ),https://youtu.be/oaVyqpp4kX0,,,
Sumabato 34 (第34回スマバトSP),04/01/2023,Yoshidora (ヨシドラ),blue,TRUE,3 - 0,Dark Samus,Yaura (ヤウラ),https://youtu.be/BuBtHPU9Bvc,,,
Apex 2022,18/11/2022,Suarez,blue,FALSE,2 - 3,Ness,Syrup,https://youtu.be/Byybw3-FCy8,,,
Sumabato 31 (第31回スマバトSP),23/10/2022,Yoshidora (ヨシドラ),blue,TRUE,3 - 1,Fox,Kaninabe (かになべ),https://youtu.be/5ihqkDK9-N8,,,
Sumabato 31 (第31回スマバトSP),23/10/2022,Yoshidora (ヨシドラ),blue,FALSE,0 - 3,Fox,Kaninabe (かになべ),https://youtu.be/zFOS6L1QlfE,,,
Let's Make Moves Miami,20/10/2022,Jmafia,moss,TRUE,2 - 1,Roy,Goblin,https://youtu.be/5u1yxq5Zuso,,,
MAESUMA TOP#10 (マエスマTOP#10),15/10/2022,Yoshidora (ヨシドラ),blue,TRUE,3 - 2,Lucina/Min min,Protobanham (プロトバナム),https://youtu.be/3Z8Pov0uKNg,,,
"マエスマoffline ProtoBanham 関西凱旋企画""無限組手""",07/08/2022,Yoshidora (ヨシドラ),blue,FALSE,5 - 10,Lucina/Min min,Protobanham (プロトバナム),https://youtu.be/9yB6PFuwVxM,,,
マエスマTOP#8 / MaesumaTOP#8,11/06/2022,Yoshidora (ヨシドラ),blue,TRUE,3 - 2,Bowser,Hero (ヘロー),https://youtu.be/yTLy1Fh479A?t=713,,,
マエスマTOP#8 / MaesumaTOP#8,11/06/2022,Yoshidora (ヨシドラ),blue,TRUE,3 - 0,Bowser,Hero (ヘロー),https://youtu.be/yTLy1Fh479A,,,
マエスマTOP#8 / MaesumaTOP#8,11/06/2022,Yoshidora (ヨシドラ),blue,FALSE,2 - 3,Bowser,Hero (ヘロー),https://youtu.be/8EKYzrHS3Ao,,,
Kagaribi #8 (篝火#8),30/07/2022,Yoshidora (ヨシドラ),blue,FALSE,2 - 3,Ice Climbers,Futari.. (ふたりのきわみアー!),https://youtu.be/8B14vgjpKWc,,,
Kagaribi #8 (篝火#8),30/07/2022,Yoshidora (ヨシドラ),blue,TRUE,3 - 1,Ness,Gackt (がくと),https://youtu.be/kOTD3nos_Tc,,,
bae100,02/04/2022,Pharaoh,purple,FALSE,1 - 2,Ness,PkChris,https://youtu.be/qrTkMQoEPlA,,,
Glitch Infinite,18/02/2022,Suarez,blue,FALSE,0 - 2,Roy,Goblin,https://youtu.be/DdHY8cLqEbA,,,
MAESUMA HIT#2 (マエスマ HIT#2),13/01/2022,Yoshidora (ヨシドラ),blue,TRUE,2 - 0,Pikachu,Piro (ピロ),https://youtu.be/kxR2n1A-Xws,,,
Kagaribi#5 (篝火#5),30/10/2021,Yoshidora (ヨシドラ),blue,TRUE,3 - 2,Pikachu,Kishiru,https://youtu.be/69nalfIx4zM,,,
Alpha 4,14/08/2021,Suarez,blue,TRUE,2 - 1,Pikachu,Mr. L,https://youtu.be/jIT2sZZ-9Fw,,,
Kagaribi#4 (篝火 #4),27/06/2021,Yoshidora (ヨシドラ),blue,FALSE,2 - 3,Lucina,Protobanham (プロトバナム),https://youtu.be/mHwY7Ns8Cn0,,,
WANTED Saison 3 - Chap 7 : Kirby c'est Top Tier,22/02/2020,Bluesky,moss,TRUE,2 - 1,Kirby,Jesuischoq,https://youtu.be/ePCNZCTaKbQ,,,
Crown 2019,08/06/2019,BananaBoy,light blue,TRUE,2 - 1,Jigglypuff,BassMage,https://youtu.be/4bHdw1V6n4g,,,